name,roll_number,phone,year,semester,department,section_name
Aakash Nandipati,24A91A0501,9100000001,1,2,CSE,A
Amulya Maddula,24A91A0502,9100000002,1,2,CSE,A
Aditya Konda,24A91A0503,9100000003,1,2,CSE,A
Ankitha Nelluri,24A91A0504,9100000004,1,2,CSE,A
Akash Potluri,24A91A0505,9100000005,1,2,CSE,A
Aparna Shaik,24A91A0506,9100000006,1,2,CSE,A
Amit Talluri,24A91A0507,9100000007,1,2,CSE,A
Bhavya Vemula,24A91A0508,9100000008,1,2,CSE,A
Anil Pathan,24A91A0509,9100000009,1,2,CSE,A
Chaitra Manne,24A91A0510,9100000010,1,2,CSE,A
Arjun Bandi,24A91A0511,9100000011,1,2,CSE,B
Divya Sappa,24A91A0512,9100000012,1,2,CSE,B
Ashok Gundala,24A91A0513,9100000013,1,2,CSE,B
Esha Chilukuri,24A91A0514,9100000014,1,2,CSE,B
Bhanu Sahu,24A91A0515,9100000015,1,2,CSE,B
Harini Dasari,24A91A0516,9100000016,1,2,CSE,B
Chaitanya Kakarla,24A91A0517,9100000017,1,2,CSE,B
Hema Yerra,24A91A0518,9100000018,1,2,CSE,B
Deepak Vankayala,24A91A0519,9100000019,1,2,CSE,B
Ishita Bolla,24A91A0520,9100000020,1,2,CSE,B
Dinesh Pilli,24A91A0521,9100000021,1,2,CSE,C
Jyothirmai Palagiri,24A91A0522,9100000022,1,2,CSE,C
Eswar Gudivada,24A91A0523,9100000023,1,2,CSE,C
Kavya Mandava,24A91A0524,9100000024,1,2,CSE,C
Gowtham Maddipati,24A91A0525,9100000025,1,2,CSE,C
Lalitha Kakumanu,24A91A0526,9100000026,1,2,CSE,C
Harish Boddu,24A91A0527,9100000027,1,2,CSE,C
Likhitha Koppula,24A91A0528,9100000028,1,2,CSE,C
Jagadeesh Peddinti,24A91A0529,9100000029,1,2,CSE,C
Manasa Vemuri,24A91A0530,9100000030,1,2,CSE,C
Karthik Golla,23A91A0501,9100000031,2,4,CSE,A
Meghana Duvvuri,23A91A0502,9100000032,2,4,CSE,A
Krishna Annam,23A91A0503,9100000033,2,4,CSE,A
Mythili Rachapudi,23A91A0504,9100000034,2,4,CSE,A
Lalith Thota,23A91A0505,9100000035,2,4,CSE,A
Navya Arepalli,23A91A0506,9100000036,2,4,CSE,A
Madhav Kunchala,23A91A0507,9100000037,2,4,CSE,A
Nirmala Yellapu,23A91A0508,9100000038,2,4,CSE,A
Manoj Ganta,23A91A0509,9100000039,2,4,CSE,A
Pallavi Meka,23A91A0510,9100000040,2,4,CSE,A
Mukesh Parasa,23A91A0511,9100000041,2,4,CSE,B
Pooja Challagundla,23A91A0512,9100000042,2,4,CSE,B
Nagaraj Kandula,23A91A0513,9100000043,2,4,CSE,B
Preethi Muvvala,23A91A0514,9100000044,2,4,CSE,B
Nikhil Kothapalli,23A91A0515,9100000045,2,4,CSE,B
Rachana Manepalli,23A91A0516,9100000046,2,4,CSE,B
Pavan Nuthalapati,23A91A0517,9100000047,2,4,CSE,B
Rekha Badugu,23A91A0518,9100000048,2,4,CSE,B
Pranav Sunkara,23A91A0519,9100000049,2,4,CSE,B
Shalini Dondapati,23A91A0520,9100000050,2,4,CSE,B
Prudhvi Palaparthi,23A91A0521,9100000051,2,4,CSE,C
Sirisha Yedla,23A91A0522,9100000052,2,4,CSE,C
Rajesh Gajjela,23A91A0523,9100000053,2,4,CSE,C
Spandana Vadlamudi,23A91A0524,9100000054,2,4,CSE,C
Rakesh Kollipara,23A91A0525,9100000055,2,4,CSE,C
Sridevi Ganji,23A91A0526,9100000056,2,4,CSE,C
Ravi Kommineni,23A91A0527,9100000057,2,4,CSE,C
Supriya Nallamothu,23A91A0528,9100000058,2,4,CSE,C
Sai Maddirala,23A91A0529,9100000059,2,4,CSE,C
Swathi Battula,23A91A0530,9100000060,2,4,CSE,C
Santosh Garapati,22A91A0501,9100000061,3,6,CSE,A
Tejaswini Lanka,22A91A0502,9100000062,3,6,CSE,A
Shankar Pathuri,22A91A0503,9100000063,3,6,CSE,A
Usha Saride,22A91A0504,9100000064,3,6,CSE,A
Srinivas Mandadi,22A91A0505,9100000065,3,6,CSE,A
Varsha Kosuru,22A91A0506,9100000066,3,6,CSE,A
Sunil Alavala,22A91A0507,9100000067,3,6,CSE,A
Yamini Chintala,22A91A0508,9100000068,3,6,CSE,A
Tarun Chappidi,22A91A0509,9100000069,3,6,CSE,A
Swarna Kurella,22A91A0510,9100000070,3,6,CSE,A
Varun Vaddadi,22A91A0511,9100000071,3,6,CSE,B
Amulya Palempalle,22A91A0512,9100000072,3,6,CSE,B
Vijay Vangapandu,22A91A0513,9100000073,3,6,CSE,B
Ankitha Boyapally,22A91A0514,9100000074,3,6,CSE,B
Vinay Ravulaparthi,22A91A0515,9100000075,3,6,CSE,B
Aparna Dandu,22A91A0516,9100000076,3,6,CSE,B
Vivek Guntupalli,22A91A0517,9100000077,3,6,CSE,B
Bhavya Nimmala,22A91A0518,9100000078,3,6,CSE,B
Yashwanth Pothuraju,22A91A0519,9100000079,3,6,CSE,B
Chaitra Marri,22A91A0520,9100000080,3,6,CSE,B
Aakash Uppuluri,22A91A0521,9100000081,3,6,CSE,C
Divya Muvva,22A91A0522,9100000082,3,6,CSE,C
Aditya Vegesna,22A91A0523,9100000083,3,6,CSE,C
Esha Chidipothu,22A91A0524,9100000084,3,6,CSE,C
Akash Kasireddy,22A91A0525,9100000085,3,6,CSE,C
Harini Tummala,22A91A0526,9100000086,3,6,CSE,C
Amit Gali,22A91A0527,9100000087,3,6,CSE,C
Hema Vallabhaneni,22A91A0528,9100000088,3,6,CSE,C
Anil Bejjanki,22A91A0529,9100000089,3,6,CSE,C
Ishita Palleti,22A91A0530,9100000090,3,6,CSE,C
Arjun Dendukuri,21A91A0501,9100000091,4,8,CSE,A
Jyothirmai Gogineni,21A91A0502,9100000092,4,8,CSE,A
Ashok Nandipati,21A91A0503,9100000093,4,8,CSE,A
Kavya Maddula,21A91A0504,9100000094,4,8,CSE,A
Bhanu Konda,21A91A0505,9100000095,4,8,CSE,A
Lalitha Nelluri,21A91A0506,9100000096,4,8,CSE,A
Chaitanya Potluri,21A91A0507,9100000097,4,8,CSE,A
Likhitha Shaik,21A91A0508,9100000098,4,8,CSE,A
Deepak Talluri,21A91A0509,9100000099,4,8,CSE,A
Manasa Vemula,21A91A0510,9100000100,4,8,CSE,A
Dinesh Pathan,21A91A0511,9100000101,4,8,CSE,B
Meghana Manne,21A91A0512,9100000102,4,8,CSE,B
Eswar Bandi,21A91A0513,9100000103,4,8,CSE,B
Mythili Sappa,21A91A0514,9100000104,4,8,CSE,B
Gowtham Gundala,21A91A0515,9100000105,4,8,CSE,B
Navya Chilukuri,21A91A0516,9100000106,4,8,CSE,B
Harish Sahu,21A91A0517,9100000107,4,8,CSE,B
Nirmala Dasari,21A91A0518,9100000108,4,8,CSE,B
Jagadeesh Kakarla,21A91A0519,9100000109,4,8,CSE,B
Pallavi Yerra,21A91A0520,9100000110,4,8,CSE,B
Karthik Vankayala,21A91A0521,9100000111,4,8,CSE,C
Pooja Bolla,21A91A0522,9100000112,4,8,CSE,C
Krishna Pilli,21A91A0523,9100000113,4,8,CSE,C
Preethi Palagiri,21A91A0524,9100000114,4,8,CSE,C
Lalith Gudivada,21A91A0525,9100000115,4,8,CSE,C
Rachana Mandava,21A91A0526,9100000116,4,8,CSE,C
Madhav Maddipati,21A91A0527,9100000117,4,8,CSE,C
Rekha Kakumanu,21A91A0528,9100000118,4,8,CSE,C
Manoj Boddu,21A91A0529,9100000119,4,8,CSE,C
Shalini Koppula,21A91A0530,9100000120,4,8,CSE,C
Mukesh Peddinti,24A91A0401,9100000121,1,2,ECE,A
Sirisha Vemuri,24A91A0402,9100000122,1,2,ECE,A
Nagaraj Golla,24A91A0403,9100000123,1,2,ECE,A
Spandana Duvvuri,24A91A0404,9100000124,1,2,ECE,A
Nikhil Annam,24A91A0405,9100000125,1,2,ECE,A
Sridevi Rachapudi,24A91A0406,9100000126,1,2,ECE,A
Pavan Thota,24A91A0407,9100000127,1,2,ECE,A
Supriya Arepalli,24A91A0408,9100000128,1,2,ECE,A
Pranav Kunchala,24A91A0409,9100000129,1,2,ECE,A
Swathi Yellapu,24A91A0410,9100000130,1,2,ECE,A
Prudhvi Ganta,24A91A0411,9100000131,1,2,ECE,B
Tejaswini Meka,24A91A0412,9100000132,1,2,ECE,B
Rajesh Parasa,24A91A0413,9100000133,1,2,ECE,B
Usha Challagundla,24A91A0414,9100000134,1,2,ECE,B
Rakesh Kandula,24A91A0415,9100000135,1,2,ECE,B
Varsha Muvvala,24A91A0416,9100000136,1,2,ECE,B
Ravi Kothapalli,24A91A0417,9100000137,1,2,ECE,B
Yamini Manepalli,24A91A0418,9100000138,1,2,ECE,B
Sai Nuthalapati,24A91A0419,9100000139,1,2,ECE,B
Swarna Badugu,24A91A0420,9100000140,1,2,ECE,B
Santosh Sunkara,23A91A0401,9100000141,2,4,ECE,A
Amulya Dondapati,23A91A0402,9100000142,2,4,ECE,A
Shankar Palaparthi,23A91A0403,9100000143,2,4,ECE,A
Ankitha Yedla,23A91A0404,9100000144,2,4,ECE,A
Srinivas Gajjela,23A91A0405,9100000145,2,4,ECE,A
Aparna Vadlamudi,23A91A0406,9100000146,2,4,ECE,A
Sunil Kollipara,23A91A0407,9100000147,2,4,ECE,A
Bhavya Ganji,23A91A0408,9100000148,2,4,ECE,A
Tarun Kommineni,23A91A0409,9100000149,2,4,ECE,A
Chaitra Nallamothu,23A91A0410,9100000150,2,4,ECE,A
Varun Maddirala,23A91A0411,9100000151,2,4,ECE,B
Divya Battula,23A91A0412,9100000152,2,4,ECE,B
Vijay Garapati,23A91A0413,9100000153,2,4,ECE,B
Esha Lanka,23A91A0414,9100000154,2,4,ECE,B
Vinay Pathuri,23A91A0415,9100000155,2,4,ECE,B
Harini Saride,23A91A0416,9100000156,2,4,ECE,B
Vivek Mandadi,23A91A0417,9100000157,2,4,ECE,B
Hema Kosuru,23A91A0418,9100000158,2,4,ECE,B
Yashwanth Alavala,23A91A0419,9100000159,2,4,ECE,B
Ishita Chintala,23A91A0420,9100000160,2,4,ECE,B
Aakash Chappidi,22A91A0401,9100000161,3,6,ECE,A
Jyothirmai Kurella,22A91A0402,9100000162,3,6,ECE,A
Aditya Vaddadi,22A91A0403,9100000163,3,6,ECE,A
Kavya Palempalle,22A91A0404,9100000164,3,6,ECE,A
Akash Vangapandu,22A91A0405,9100000165,3,6,ECE,A
Lalitha Boyapally,22A91A0406,9100000166,3,6,ECE,A
Amit Ravulaparthi,22A91A0407,9100000167,3,6,ECE,A
Likhitha Dandu,22A91A0408,9100000168,3,6,ECE,A
Anil Guntupalli,22A91A0409,9100000169,3,6,ECE,A
Manasa Nimmala,22A91A0410,9100000170,3,6,ECE,A
Arjun Pothuraju,22A91A0411,9100000171,3,6,ECE,B
Meghana Marri,22A91A0412,9100000172,3,6,ECE,B
Ashok Uppuluri,22A91A0413,9100000173,3,6,ECE,B
Mythili Muvva,22A91A0414,9100000174,3,6,ECE,B
Bhanu Vegesna,22A91A0415,9100000175,3,6,ECE,B
Navya Chidipothu,22A91A0416,9100000176,3,6,ECE,B
Chaitanya Kasireddy,22A91A0417,9100000177,3,6,ECE,B
Nirmala Tummala,22A91A0418,9100000178,3,6,ECE,B
Deepak Gali,22A91A0419,9100000179,3,6,ECE,B
Pallavi Vallabhaneni,22A91A0420,9100000180,3,6,ECE,B
Dinesh Bejjanki,21A91A0401,9100000181,4,8,ECE,A
Pooja Palleti,21A91A0402,9100000182,4,8,ECE,A
Eswar Dendukuri,21A91A0403,9100000183,4,8,ECE,A
Preethi Gogineni,21A91A0404,9100000184,4,8,ECE,A
Gowtham Nandipati,21A91A0405,9100000185,4,8,ECE,A
Rachana Maddula,21A91A0406,9100000186,4,8,ECE,A
Harish Konda,21A91A0407,9100000187,4,8,ECE,A
Rekha Nelluri,21A91A0408,9100000188,4,8,ECE,A
Jagadeesh Potluri,21A91A0409,9100000189,4,8,ECE,A
Shalini Shaik,21A91A0410,9100000190,4,8,ECE,A
Karthik Talluri,21A91A0411,9100000191,4,8,ECE,B
Sirisha Vemula,21A91A0412,9100000192,4,8,ECE,B
Krishna Pathan,21A91A0413,9100000193,4,8,ECE,B
Spandana Manne,21A91A0414,9100000194,4,8,ECE,B
Lalith Bandi,21A91A0415,9100000195,4,8,ECE,B
Sridevi Sappa,21A91A0416,9100000196,4,8,ECE,B
Madhav Gundala,21A91A0417,9100000197,4,8,ECE,B
Supriya Chilukuri,21A91A0418,9100000198,4,8,ECE,B
Manoj Sahu,21A91A0419,9100000199,4,8,ECE,B
Swathi Dasari,21A91A0420,9100000200,4,8,ECE,B
Mukesh Kakarla,24A91A0201,9100000201,1,2,EEE,A
Tejaswini Yerra,24A91A0202,9100000202,1,2,EEE,A
Nagaraj Vankayala,24A91A0203,9100000203,1,2,EEE,A
Usha Bolla,24A91A0204,9100000204,1,2,EEE,A
Nikhil Pilli,24A91A0205,9100000205,1,2,EEE,A
Varsha Palagiri,24A91A0206,9100000206,1,2,EEE,A
Pavan Gudivada,24A91A0207,9100000207,1,2,EEE,A
Yamini Mandava,24A91A0208,9100000208,1,2,EEE,A
Pranav Maddipati,24A91A0209,9100000209,1,2,EEE,A
Swarna Kakumanu,24A91A0210,9100000210,1,2,EEE,A
Prudhvi Boddu,24A91A0211,9100000211,1,2,EEE,B
Amulya Koppula,24A91A0212,9100000212,1,2,EEE,B
Rajesh Peddinti,24A91A0213,9100000213,1,2,EEE,B
Ankitha Vemuri,24A91A0214,9100000214,1,2,EEE,B
Rakesh Golla,24A91A0215,9100000215,1,2,EEE,B
Aparna Duvvuri,24A91A0216,9100000216,1,2,EEE,B
Ravi Annam,24A91A0217,9100000217,1,2,EEE,B
Bhavya Rachapudi,24A91A0218,9100000218,1,2,EEE,B
Sai Thota,24A91A0219,9100000219,1,2,EEE,B
Chaitra Arepalli,24A91A0220,9100000220,1,2,EEE,B
Santosh Kunchala,23A91A0201,9100000221,2,4,EEE,A
Divya Yellapu,23A91A0202,9100000222,2,4,EEE,A
Shankar Ganta,23A91A0203,9100000223,2,4,EEE,A
Esha Meka,23A91A0204,9100000224,2,4,EEE,A
Srinivas Parasa,23A91A0205,9100000225,2,4,EEE,A
Harini Challagundla,23A91A0206,9100000226,2,4,EEE,A
Sunil Kandula,23A91A0207,9100000227,2,4,EEE,A
Hema Muvvala,23A91A0208,9100000228,2,4,EEE,A
Tarun Kothapalli,23A91A0209,9100000229,2,4,EEE,A
Ishita Manepalli,23A91A0210,9100000230,2,4,EEE,A
Varun Nuthalapati,23A91A0211,9100000231,2,4,EEE,B
Jyothirmai Badugu,23A91A0212,9100000232,2,4,EEE,B
Vijay Sunkara,23A91A0213,9100000233,2,4,EEE,B
Kavya Dondapati,23A91A0214,9100000234,2,4,EEE,B
Vinay Palaparthi,23A91A0215,9100000235,2,4,EEE,B
Lalitha Yedla,23A91A0216,9100000236,2,4,EEE,B
Vivek Gajjela,23A91A0217,9100000237,2,4,EEE,B
Likhitha Vadlamudi,23A91A0218,9100000238,2,4,EEE,B
Yashwanth Kollipara,23A91A0219,9100000239,2,4,EEE,B
Manasa Ganji,23A91A0220,9100000240,2,4,EEE,B
Aakash Kommineni,22A91A0201,9100000241,3,6,EEE,A
Meghana Nallamothu,22A91A0202,9100000242,3,6,EEE,A
Aditya Maddirala,22A91A0203,9100000243,3,6,EEE,A
Mythili Battula,22A91A0204,9100000244,3,6,EEE,A
Akash Garapati,22A91A0205,9100000245,3,6,EEE,A
Navya Lanka,22A91A0206,9100000246,3,6,EEE,A
Amit Pathuri,22A91A0207,9100000247,3,6,EEE,A
Nirmala Saride,22A91A0208,9100000248,3,6,EEE,A
Anil Mandadi,22A91A0209,9100000249,3,6,EEE,A
Pallavi Kosuru,22A91A0210,9100000250,3,6,EEE,A
Arjun Alavala,22A91A0211,9100000251,3,6,EEE,B
Pooja Chintala,22A91A0212,9100000252,3,6,EEE,B
Ashok Chappidi,22A91A0213,9100000253,3,6,EEE,B
Preethi Kurella,22A91A0214,9100000254,3,6,EEE,B
Bhanu Vaddadi,22A91A0215,9100000255,3,6,EEE,B
Rachana Palempalle,22A91A0216,9100000256,3,6,EEE,B
Chaitanya Vangapandu,22A91A0217,9100000257,3,6,EEE,B
Rekha Boyapally,22A91A0218,9100000258,3,6,EEE,B
Deepak Ravulaparthi,22A91A0219,9100000259,3,6,EEE,B
Shalini Dandu,22A91A0220,9100000260,3,6,EEE,B
Dinesh Guntupalli,21A91A0201,9100000261,4,8,EEE,A
Sirisha Nimmala,21A91A0202,9100000262,4,8,EEE,A
Eswar Pothuraju,21A91A0203,9100000263,4,8,EEE,A
Spandana Marri,21A91A0204,9100000264,4,8,EEE,A
Gowtham Uppuluri,21A91A0205,9100000265,4,8,EEE,A
Sridevi Muvva,21A91A0206,9100000266,4,8,EEE,A
Harish Vegesna,21A91A0207,9100000267,4,8,EEE,A
Supriya Chidipothu,21A91A0208,9100000268,4,8,EEE,A
Jagadeesh Kasireddy,21A91A0209,9100000269,4,8,EEE,A
Swathi Tummala,21A91A0210,9100000270,4,8,EEE,A
Karthik Gali,21A91A0211,9100000271,4,8,EEE,B
Tejaswini Vallabhaneni,21A91A0212,9100000272,4,8,EEE,B
Krishna Bejjanki,21A91A0213,9100000273,4,8,EEE,B
Usha Palleti,21A91A0214,9100000274,4,8,EEE,B
Lalith Dendukuri,21A91A0215,9100000275,4,8,EEE,B
Varsha Gogineni,21A91A0216,9100000276,4,8,EEE,B
Madhav Nandipati,21A91A0217,9100000277,4,8,EEE,B
Yamini Maddula,21A91A0218,9100000278,4,8,EEE,B
Manoj Konda,21A91A0219,9100000279,4,8,EEE,B
Swarna Nelluri,21A91A0220,9100000280,4,8,EEE,B
Mukesh Potluri,24A91A0301,9100000281,1,2,ME,A
Amulya Shaik,24A91A0302,9100000282,1,2,ME,A
Nagaraj Talluri,24A91A0303,9100000283,1,2,ME,A
Ankitha Vemula,24A91A0304,9100000284,1,2,ME,A
Nikhil Pathan,24A91A0305,9100000285,1,2,ME,A
Aparna Manne,24A91A0306,9100000286,1,2,ME,A
Pavan Bandi,24A91A0307,9100000287,1,2,ME,A
Bhavya Sappa,24A91A0308,9100000288,1,2,ME,A
Pranav Gundala,24A91A0309,9100000289,1,2,ME,A
Chaitra Chilukuri,24A91A0310,9100000290,1,2,ME,A
Prudhvi Sahu,24A91A0311,9100000291,1,2,ME,B
Divya Dasari,24A91A0312,9100000292,1,2,ME,B
Rajesh Kakarla,24A91A0313,9100000293,1,2,ME,B
Esha Yerra,24A91A0314,9100000294,1,2,ME,B
Rakesh Vankayala,24A91A0315,9100000295,1,2,ME,B
Harini Bolla,24A91A0316,9100000296,1,2,ME,B
Ravi Pilli,24A91A0317,9100000297,1,2,ME,B
Hema Palagiri,24A91A0318,9100000298,1,2,ME,B
Sai Gudivada,24A91A0319,9100000299,1,2,ME,B
Ishita Mandava,24A91A0320,9100000300,1,2,ME,B
Santosh Maddipati,23A91A0301,9100000301,2,4,ME,A
Jyothirmai Kakumanu,23A91A0302,9100000302,2,4,ME,A
Shankar Boddu,23A91A0303,9100000303,2,4,ME,A
Kavya Koppula,23A91A0304,9100000304,2,4,ME,A
Srinivas Peddinti,23A91A0305,9100000305,2,4,ME,A
Lalitha Vemuri,23A91A0306,9100000306,2,4,ME,A
Sunil Golla,23A91A0307,9100000307,2,4,ME,A
Likhitha Duvvuri,23A91A0308,9100000308,2,4,ME,A
Tarun Annam,23A91A0309,9100000309,2,4,ME,A
Manasa Rachapudi,23A91A0310,9100000310,2,4,ME,A
Varun Thota,23A91A0311,9100000311,2,4,ME,B
Meghana Arepalli,23A91A0312,9100000312,2,4,ME,B
Vijay Kunchala,23A91A0313,9100000313,2,4,ME,B
Mythili Yellapu,23A91A0314,9100000314,2,4,ME,B
Vinay Ganta,23A91A0315,9100000315,2,4,ME,B
Navya Meka,23A91A0316,9100000316,2,4,ME,B
Vivek Parasa,23A91A0317,9100000317,2,4,ME,B
Nirmala Challagundla,23A91A0318,9100000318,2,4,ME,B
Yashwanth Kandula,23A91A0319,9100000319,2,4,ME,B
Pallavi Muvvala,23A91A0320,9100000320,2,4,ME,B
Aakash Kothapalli,22A91A0301,9100000321,3,6,ME,A
Pooja Manepalli,22A91A0302,9100000322,3,6,ME,A
Aditya Nuthalapati,22A91A0303,9100000323,3,6,ME,A
Preethi Badugu,22A91A0304,9100000324,3,6,ME,A
Akash Sunkara,22A91A0305,9100000325,3,6,ME,A
Rachana Dondapati,22A91A0306,9100000326,3,6,ME,A
Amit Palaparthi,22A91A0307,9100000327,3,6,ME,A
Rekha Yedla,22A91A0308,9100000328,3,6,ME,A
Anil Gajjela,22A91A0309,9100000329,3,6,ME,A
Shalini Vadlamudi,22A91A0310,9100000330,3,6,ME,A
Arjun Kollipara,22A91A0311,9100000331,3,6,ME,B
Sirisha Ganji,22A91A0312,9100000332,3,6,ME,B
Ashok Kommineni,22A91A0313,9100000333,3,6,ME,B
Spandana Nallamothu,22A91A0314,9100000334,3,6,ME,B
Bhanu Maddirala,22A91A0315,9100000335,3,6,ME,B
Sridevi Battula,22A91A0316,9100000336,3,6,ME,B
Chaitanya Garapati,22A91A0317,9100000337,3,6,ME,B
Supriya Lanka,22A91A0318,9100000338,3,6,ME,B
Deepak Pathuri,22A91A0319,9100000339,3,6,ME,B
Swathi Saride,22A91A0320,9100000340,3,6,ME,B
Dinesh Mandadi,21A91A0301,9100000341,4,8,ME,A
Tejaswini Kosuru,21A91A0302,9100000342,4,8,ME,A
Eswar Alavala,21A91A0303,9100000343,4,8,ME,A
Usha Chintala,21A91A0304,9100000344,4,8,ME,A
Gowtham Chappidi,21A91A0305,9100000345,4,8,ME,A
Varsha Kurella,21A91A0306,9100000346,4,8,ME,A
Harish Vaddadi,21A91A0307,9100000347,4,8,ME,A
Yamini Palempalle,21A91A0308,9100000348,4,8,ME,A
Jagadeesh Vangapandu,21A91A0309,9100000349,4,8,ME,A
Swarna Boyapally,21A91A0310,9100000350,4,8,ME,A
Karthik Ravulaparthi,21A91A0311,9100000351,4,8,ME,B
Amulya Dandu,21A91A0312,9100000352,4,8,ME,B
Krishna Guntupalli,21A91A0313,9100000353,4,8,ME,B
Ankitha Nimmala,21A91A0314,9100000354,4,8,ME,B
Lalith Pothuraju,21A91A0315,9100000355,4,8,ME,B
Aparna Marri,21A91A0316,9100000356,4,8,ME,B
Madhav Uppuluri,21A91A0317,9100000357,4,8,ME,B
Bhavya Muvva,21A91A0318,9100000358,4,8,ME,B
Manoj Vegesna,21A91A0319,9100000359,4,8,ME,B
Chaitra Chidipothu,21A91A0320,9100000360,4,8,ME,B
Mukesh Kasireddy,24A91A0101,9100000361,1,2,CE,A
Divya Tummala,24A91A0102,9100000362,1,2,CE,A
Nagaraj Gali,24A91A0103,9100000363,1,2,CE,A
Esha Vallabhaneni,24A91A0104,9100000364,1,2,CE,A
Nikhil Bejjanki,24A91A0105,9100000365,1,2,CE,A
Harini Palleti,24A91A0106,9100000366,1,2,CE,A
Pavan Dendukuri,24A91A0107,9100000367,1,2,CE,A
Hema Gogineni,24A91A0108,9100000368,1,2,CE,A
Pranav Nandipati,24A91A0109,9100000369,1,2,CE,A
Ishita Maddula,24A91A0110,9100000370,1,2,CE,A
Prudhvi Konda,24A91A0111,9100000371,1,2,CE,B
Jyothirmai Nelluri,24A91A0112,9100000372,1,2,CE,B
Rajesh Potluri,24A91A0113,9100000373,1,2,CE,B
Kavya Shaik,24A91A0114,9100000374,1,2,CE,B
Rakesh Talluri,24A91A0115,9100000375,1,2,CE,B
Lalitha Vemula,24A91A0116,9100000376,1,2,CE,B
Ravi Pathan,24A91A0117,9100000377,1,2,CE,B
Likhitha Manne,24A91A0118,9100000378,1,2,CE,B
Sai Bandi,24A91A0119,9100000379,1,2,CE,B
Manasa Sappa,24A91A0120,9100000380,1,2,CE,B
Santosh Gundala,23A91A0101,9100000381,2,4,CE,A
Meghana Chilukuri,23A91A0102,9100000382,2,4,CE,A
Shankar Sahu,23A91A0103,9100000383,2,4,CE,A
Mythili Dasari,23A91A0104,9100000384,2,4,CE,A
Srinivas Kakarla,23A91A0105,9100000385,2,4,CE,A
Navya Yerra,23A91A0106,9100000386,2,4,CE,A
Sunil Vankayala,23A91A0107,9100000387,2,4,CE,A
Nirmala Bolla,23A91A0108,9100000388,2,4,CE,A
Tarun Pilli,23A91A0109,9100000389,2,4,CE,A
Pallavi Palagiri,23A91A0110,9100000390,2,4,CE,A
Varun Gudivada,23A91A0111,9100000391,2,4,CE,B
Pooja Mandava,23A91A0112,9100000392,2,4,CE,B
Vijay Maddipati,23A91A0113,9100000393,2,4,CE,B
Preethi Kakumanu,23A91A0114,9100000394,2,4,CE,B
Vinay Boddu,23A91A0115,9100000395,2,4,CE,B
Rachana Koppula,23A91A0116,9100000396,2,4,CE,B
Vivek Peddinti,23A91A0117,9100000397,2,4,CE,B
Rekha Vemuri,23A91A0118,9100000398,2,4,CE,B
Yashwanth Golla,23A91A0119,9100000399,2,4,CE,B
Shalini Duvvuri,23A91A0120,9100000400,2,4,CE,B
Aakash Annam,22A91A0101,9100000401,3,6,CE,A
Sirisha Rachapudi,22A91A0102,9100000402,3,6,CE,A
Aditya Thota,22A91A0103,9100000403,3,6,CE,A
Spandana Arepalli,22A91A0104,9100000404,3,6,CE,A
Akash Kunchala,22A91A0105,9100000405,3,6,CE,A
Sridevi Yellapu,22A91A0106,9100000406,3,6,CE,A
Amit Ganta,22A91A0107,9100000407,3,6,CE,A
Supriya Meka,22A91A0108,9100000408,3,6,CE,A
Anil Parasa,22A91A0109,9100000409,3,6,CE,A
Swathi Challagundla,22A91A0110,9100000410,3,6,CE,A
Arjun Kandula,22A91A0111,9100000411,3,6,CE,B
Tejaswini Muvvala,22A91A0112,9100000412,3,6,CE,B
Ashok Kothapalli,22A91A0113,9100000413,3,6,CE,B
Usha Manepalli,22A91A0114,9100000414,3,6,CE,B
Bhanu Nuthalapati,22A91A0115,9100000415,3,6,CE,B
Varsha Badugu,22A91A0116,9100000416,3,6,CE,B
Chaitanya Sunkara,22A91A0117,9100000417,3,6,CE,B
Yamini Dondapati,22A91A0118,9100000418,3,6,CE,B
Deepak Palaparthi,22A91A0119,9100000419,3,6,CE,B
Swarna Yedla,22A91A0120,9100000420,3,6,CE,B
Dinesh Gajjela,21A91A0101,9100000421,4,8,CE,A
Amulya Vadlamudi,21A91A0102,9100000422,4,8,CE,A
Eswar Kollipara,21A91A0103,9100000423,4,8,CE,A
Ankitha Ganji,21A91A0104,9100000424,4,8,CE,A
Gowtham Kommineni,21A91A0105,9100000425,4,8,CE,A
Aparna Nallamothu,21A91A0106,9100000426,4,8,CE,A
Harish Maddirala,21A91A0107,9100000427,4,8,CE,A
Bhavya Battula,21A91A0108,9100000428,4,8,CE,A
Jagadeesh Garapati,21A91A0109,9100000429,4,8,CE,A
Chaitra Lanka,21A91A0110,9100000430,4,8,CE,A
Karthik Pathuri,21A91A0111,9100000431,4,8,CE,B
Divya Saride,21A91A0112,9100000432,4,8,CE,B
Krishna Mandadi,21A91A0113,9100000433,4,8,CE,B
Esha Kosuru,21A91A0114,9100000434,4,8,CE,B
Lalith Alavala,21A91A0115,9100000435,4,8,CE,B
Harini Chintala,21A91A0116,9100000436,4,8,CE,B
Madhav Chappidi,21A91A0117,9100000437,4,8,CE,B
Hema Kurella,21A91A0118,9100000438,4,8,CE,B
Manoj Vaddadi,21A91A0119,9100000439,4,8,CE,B
Ishita Palempalle,21A91A0120,9100000440,4,8,CE,B
Mukesh Vangapandu,24A91A1201,9100000441,1,2,IT,A
Jyothirmai Boyapally,24A91A1202,9100000442,1,2,IT,A
Nagaraj Ravulaparthi,24A91A1203,9100000443,1,2,IT,A
Kavya Dandu,24A91A1204,9100000444,1,2,IT,A
Nikhil Guntupalli,24A91A1205,9100000445,1,2,IT,A
Lalitha Nimmala,24A91A1206,9100000446,1,2,IT,A
Pavan Pothuraju,24A91A1207,9100000447,1,2,IT,A
Likhitha Marri,24A91A1208,9100000448,1,2,IT,A
Pranav Uppuluri,24A91A1209,9100000449,1,2,IT,A
Manasa Muvva,24A91A1210,9100000450,1,2,IT,A
Prudhvi Vegesna,24A91A1211,9100000451,1,2,IT,B
Meghana Chidipothu,24A91A1212,9100000452,1,2,IT,B
Rajesh Kasireddy,24A91A1213,9100000453,1,2,IT,B
Mythili Tummala,24A91A1214,9100000454,1,2,IT,B
Rakesh Gali,24A91A1215,9100000455,1,2,IT,B
Navya Vallabhaneni,24A91A1216,9100000456,1,2,IT,B
Ravi Bejjanki,24A91A1217,9100000457,1,2,IT,B
Nirmala Palleti,24A91A1218,9100000458,1,2,IT,B
Sai Dendukuri,24A91A1219,9100000459,1,2,IT,B
Pallavi Gogineni,24A91A1220,9100000460,1,2,IT,B
Santosh Nandipati,23A91A1201,9100000461,2,4,IT,A
Pooja Maddula,23A91A1202,9100000462,2,4,IT,A
Shankar Konda,23A91A1203,9100000463,2,4,IT,A
Preethi Nelluri,23A91A1204,9100000464,2,4,IT,A
Srinivas Potluri,23A91A1205,9100000465,2,4,IT,A
Rachana Shaik,23A91A1206,9100000466,2,4,IT,A
Sunil Talluri,23A91A1207,9100000467,2,4,IT,A
Rekha Vemula,23A91A1208,9100000468,2,4,IT,A
Tarun Pathan,23A91A1209,9100000469,2,4,IT,A
Shalini Manne,23A91A1210,9100000470,2,4,IT,A
Varun Bandi,23A91A1211,9100000471,2,4,IT,B
Sirisha Sappa,23A91A1212,9100000472,2,4,IT,B
Vijay Gundala,23A91A1213,9100000473,2,4,IT,B
Spandana Chilukuri,23A91A1214,9100000474,2,4,IT,B
Vinay Sahu,23A91A1215,9100000475,2,4,IT,B
Sridevi Dasari,23A91A1216,9100000476,2,4,IT,B
Vivek Kakarla,23A91A1217,9100000477,2,4,IT,B
Supriya Yerra,23A91A1218,9100000478,2,4,IT,B
Yashwanth Vankayala,23A91A1219,9100000479,2,4,IT,B
Swathi Bolla,23A91A1220,9100000480,2,4,IT,B
Aakash Pilli,22A91A1201,9100000481,3,6,IT,A
Tejaswini Palagiri,22A91A1202,9100000482,3,6,IT,A
Aditya Gudivada,22A91A1203,9100000483,3,6,IT,A
Usha Mandava,22A91A1204,9100000484,3,6,IT,A
Akash Maddipati,22A91A1205,9100000485,3,6,IT,A
Varsha Kakumanu,22A91A1206,9100000486,3,6,IT,A
Amit Boddu,22A91A1207,9100000487,3,6,IT,A
Yamini Koppula,22A91A1208,9100000488,3,6,IT,A
Anil Peddinti,22A91A1209,9100000489,3,6,IT,A
Swarna Vemuri,22A91A1210,9100000490,3,6,IT,A
Arjun Golla,22A91A1211,9100000491,3,6,IT,B
Amulya Duvvuri,22A91A1212,9100000492,3,6,IT,B
Ashok Annam,22A91A1213,9100000493,3,6,IT,B
Ankitha Rachapudi,22A91A1214,9100000494,3,6,IT,B
Bhanu Thota,22A91A1215,9100000495,3,6,IT,B
Aparna Arepalli,22A91A1216,9100000496,3,6,IT,B
Chaitanya Kunchala,22A91A1217,9100000497,3,6,IT,B
Bhavya Yellapu,22A91A1218,9100000498,3,6,IT,B
Deepak Ganta,22A91A1219,9100000499,3,6,IT,B
Chaitra Meka,22A91A1220,9100000500,3,6,IT,B
Dinesh Parasa,21A91A1201,9100000501,4,8,IT,A
Divya Challagundla,21A91A1202,9100000502,4,8,IT,A
Eswar Kandula,21A91A1203,9100000503,4,8,IT,A
Esha Muvvala,21A91A1204,9100000504,4,8,IT,A
Gowtham Kothapalli,21A91A1205,9100000505,4,8,IT,A
Harini Manepalli,21A91A1206,9100000506,4,8,IT,A
Harish Nuthalapati,21A91A1207,9100000507,4,8,IT,A
Hema Badugu,21A91A1208,9100000508,4,8,IT,A
Jagadeesh Sunkara,21A91A1209,9100000509,4,8,IT,A
Ishita Dondapati,21A91A1210,9100000510,4,8,IT,A
Karthik Palaparthi,21A91A1211,9100000511,4,8,IT,B
Jyothirmai Yedla,21A91A1212,9100000512,4,8,IT,B
Krishna Gajjela,21A91A1213,9100000513,4,8,IT,B
Kavya Vadlamudi,21A91A1214,9100000514,4,8,IT,B
Lalith Kollipara,21A91A1215,9100000515,4,8,IT,B
Lalitha Ganji,21A91A1216,9100000516,4,8,IT,B
Madhav Kommineni,21A91A1217,9100000517,4,8,IT,B
Likhitha Nallamothu,21A91A1218,9100000518,4,8,IT,B
Manoj Maddirala,21A91A1219,9100000519,4,8,IT,B
Manasa Battula,21A91A1220,9100000520,4,8,IT,B
Mukesh Garapati,24A91A6201,9100000521,1,2,CSE (AI&ML),A
Meghana Lanka,24A91A6202,9100000522,1,2,CSE (AI&ML),A
Nagaraj Pathuri,24A91A6203,9100000523,1,2,CSE (AI&ML),A
Mythili Saride,24A91A6204,9100000524,1,2,CSE (AI&ML),A
Nikhil Mandadi,24A91A6205,9100000525,1,2,CSE (AI&ML),A
Navya Kosuru,24A91A6206,9100000526,1,2,CSE (AI&ML),A
Pavan Alavala,24A91A6207,9100000527,1,2,CSE (AI&ML),A
Nirmala Chintala,24A91A6208,9100000528,1,2,CSE (AI&ML),A
Pranav Chappidi,24A91A6209,9100000529,1,2,CSE (AI&ML),A
Pallavi Kurella,24A91A6210,9100000530,1,2,CSE (AI&ML),A
Prudhvi Vaddadi,24A91A6211,9100000531,1,2,CSE (AI&ML),B
Pooja Palempalle,24A91A6212,9100000532,1,2,CSE (AI&ML),B
Rajesh Vangapandu,24A91A6213,9100000533,1,2,CSE (AI&ML),B
Preethi Boyapally,24A91A6214,9100000534,1,2,CSE (AI&ML),B
Rakesh Ravulaparthi,24A91A6215,9100000535,1,2,CSE (AI&ML),B
Rachana Dandu,24A91A6216,9100000536,1,2,CSE (AI&ML),B
Ravi Guntupalli,24A91A6217,9100000537,1,2,CSE (AI&ML),B
Rekha Nimmala,24A91A6218,9100000538,1,2,CSE (AI&ML),B
Sai Pothuraju,24A91A6219,9100000539,1,2,CSE (AI&ML),B
Shalini Marri,24A91A6220,9100000540,1,2,CSE (AI&ML),B
Santosh Uppuluri,23A91A6201,9100000541,2,4,CSE (AI&ML),A
Sirisha Muvva,23A91A6202,9100000542,2,4,CSE (AI&ML),A
Shankar Vegesna,23A91A6203,9100000543,2,4,CSE (AI&ML),A
Spandana Chidipothu,23A91A6204,9100000544,2,4,CSE (AI&ML),A
Srinivas Kasireddy,23A91A6205,9100000545,2,4,CSE (AI&ML),A
Sridevi Tummala,23A91A6206,9100000546,2,4,CSE (AI&ML),A
Sunil Gali,23A91A6207,9100000547,2,4,CSE (AI&ML),A
Supriya Vallabhaneni,23A91A6208,9100000548,2,4,CSE (AI&ML),A
Tarun Bejjanki,23A91A6209,9100000549,2,4,CSE (AI&ML),A
Swathi Palleti,23A91A6210,9100000550,2,4,CSE (AI&ML),A
Varun Dendukuri,23A91A6211,9100000551,2,4,CSE (AI&ML),B
Tejaswini Gogineni,23A91A6212,9100000552,2,4,CSE (AI&ML),B
Vijay Nandipati,23A91A6213,9100000553,2,4,CSE (AI&ML),B
Usha Maddula,23A91A6214,9100000554,2,4,CSE (AI&ML),B
Vinay Konda,23A91A6215,9100000555,2,4,CSE (AI&ML),B
Varsha Nelluri,23A91A6216,9100000556,2,4,CSE (AI&ML),B
Vivek Potluri,23A91A6217,9100000557,2,4,CSE (AI&ML),B
Yamini Shaik,23A91A6218,9100000558,2,4,CSE (AI&ML),B
Yashwanth Talluri,23A91A6219,9100000559,2,4,CSE (AI&ML),B
Swarna Vemula,23A91A6220,9100000560,2,4,CSE (AI&ML),B
Aakash Pathan,22A91A6201,9100000561,3,6,CSE (AI&ML),A
Amulya Manne,22A91A6202,9100000562,3,6,CSE (AI&ML),A
Aditya Bandi,22A91A6203,9100000563,3,6,CSE (AI&ML),A
Ankitha Sappa,22A91A6204,9100000564,3,6,CSE (AI&ML),A
Akash Gundala,22A91A6205,9100000565,3,6,CSE (AI&ML),A
Aparna Chilukuri,22A91A6206,9100000566,3,6,CSE (AI&ML),A
Amit Sahu,22A91A6207,9100000567,3,6,CSE (AI&ML),A
Bhavya Dasari,22A91A6208,9100000568,3,6,CSE (AI&ML),A
Anil Kakarla,22A91A6209,9100000569,3,6,CSE (AI&ML),A
Chaitra Yerra,22A91A6210,9100000570,3,6,CSE (AI&ML),A
Arjun Vankayala,22A91A6211,9100000571,3,6,CSE (AI&ML),B
Divya Bolla,22A91A6212,9100000572,3,6,CSE (AI&ML),B
Ashok Pilli,22A91A6213,9100000573,3,6,CSE (AI&ML),B
Esha Palagiri,22A91A6214,9100000574,3,6,CSE (AI&ML),B
Bhanu Gudivada,22A91A6215,9100000575,3,6,CSE (AI&ML),B
Harini Mandava,22A91A6216,9100000576,3,6,CSE (AI&ML),B
Chaitanya Maddipati,22A91A6217,9100000577,3,6,CSE (AI&ML),B
Hema Kakumanu,22A91A6218,9100000578,3,6,CSE (AI&ML),B
Deepak Boddu,22A91A6219,9100000579,3,6,CSE (AI&ML),B
Ishita Koppula,22A91A6220,9100000580,3,6,CSE (AI&ML),B
Dinesh Peddinti,21A91A6201,9100000581,4,8,CSE (AI&ML),A
Jyothirmai Vemuri,21A91A6202,9100000582,4,8,CSE (AI&ML),A
Eswar Golla,21A91A6203,9100000583,4,8,CSE (AI&ML),A
Kavya Duvvuri,21A91A6204,9100000584,4,8,CSE (AI&ML),A
Gowtham Annam,21A91A6205,9100000585,4,8,CSE (AI&ML),A
Lalitha Rachapudi,21A91A6206,9100000586,4,8,CSE (AI&ML),A
Harish Thota,21A91A6207,9100000587,4,8,CSE (AI&ML),A
Likhitha Arepalli,21A91A6208,9100000588,4,8,CSE (AI&ML),A
Jagadeesh Kunchala,21A91A6209,9100000589,4,8,CSE (AI&ML),A
Manasa Yellapu,21A91A6210,9100000590,4,8,CSE (AI&ML),A
Karthik Ganta,21A91A6211,9100000591,4,8,CSE (AI&ML),B
Meghana Meka,21A91A6212,9100000592,4,8,CSE (AI&ML),B
Krishna Parasa,21A91A6213,9100000593,4,8,CSE (AI&ML),B
Mythili Challagundla,21A91A6214,9100000594,4,8,CSE (AI&ML),B
Lalith Kandula,21A91A6215,9100000595,4,8,CSE (AI&ML),B
Navya Muvvala,21A91A6216,9100000596,4,8,CSE (AI&ML),B
Madhav Kothapalli,21A91A6217,9100000597,4,8,CSE (AI&ML),B
Nirmala Manepalli,21A91A6218,9100000598,4,8,CSE (AI&ML),B
Manoj Nuthalapati,21A91A6219,9100000599,4,8,CSE (AI&ML),B
Pallavi Badugu,21A91A6220,9100000600,4,8,CSE (AI&ML),B
Mukesh Sunkara,24A91A6701,9100000601,1,2,CSE (DS),A
Pooja Dondapati,24A91A6702,9100000602,1,2,CSE (DS),A
Nagaraj Palaparthi,24A91A6703,9100000603,1,2,CSE (DS),A
Preethi Yedla,24A91A6704,9100000604,1,2,CSE (DS),A
Nikhil Gajjela,24A91A6705,9100000605,1,2,CSE (DS),A
Rachana Vadlamudi,24A91A6706,9100000606,1,2,CSE (DS),A
Pavan Kollipara,24A91A6707,9100000607,1,2,CSE (DS),A
Rekha Ganji,24A91A6708,9100000608,1,2,CSE (DS),A
Pranav Kommineni,24A91A6709,9100000609,1,2,CSE (DS),A
Shalini Nallamothu,24A91A6710,9100000610,1,2,CSE (DS),A
Prudhvi Maddirala,24A91A6711,9100000611,1,2,CSE (DS),B
Sirisha Battula,24A91A6712,9100000612,1,2,CSE (DS),B
Rajesh Garapati,24A91A6713,9100000613,1,2,CSE (DS),B
Spandana Lanka,24A91A6714,9100000614,1,2,CSE (DS),B
Rakesh Pathuri,24A91A6715,9100000615,1,2,CSE (DS),B
Sridevi Saride,24A91A6716,9100000616,1,2,CSE (DS),B
Ravi Mandadi,24A91A6717,9100000617,1,2,CSE (DS),B
Supriya Kosuru,24A91A6718,9100000618,1,2,CSE (DS),B
Sai Alavala,24A91A6719,9100000619,1,2,CSE (DS),B
Swathi Chintala,24A91A6720,9100000620,1,2,CSE (DS),B
Santosh Chappidi,23A91A6701,9100000621,2,4,CSE (DS),A
Tejaswini Kurella,23A91A6702,9100000622,2,4,CSE (DS),A
Shankar Vaddadi,23A91A6703,9100000623,2,4,CSE (DS),A
Usha Palempalle,23A91A6704,9100000624,2,4,CSE (DS),A
Srinivas Vangapandu,23A91A6705,9100000625,2,4,CSE (DS),A
Varsha Boyapally,23A91A6706,9100000626,2,4,CSE (DS),A
Sunil Ravulaparthi,23A91A6707,9100000627,2,4,CSE (DS),A
Yamini Dandu,23A91A6708,9100000628,2,4,CSE (DS),A
Tarun Guntupalli,23A91A6709,9100000629,2,4,CSE (DS),A
Swarna Nimmala,23A91A6710,9100000630,2,4,CSE (DS),A
Varun Pothuraju,23A91A6711,9100000631,2,4,CSE (DS),B
Amulya Marri,23A91A6712,9100000632,2,4,CSE (DS),B
Vijay Uppuluri,23A91A6713,9100000633,2,4,CSE (DS),B
Ankitha Muvva,23A91A6714,9100000634,2,4,CSE (DS),B
Vinay Vegesna,23A91A6715,9100000635,2,4,CSE (DS),B
Aparna Chidipothu,23A91A6716,9100000636,2,4,CSE (DS),B
Vivek Kasireddy,23A91A6717,9100000637,2,4,CSE (DS),B
Bhavya Tummala,23A91A6718,9100000638,2,4,CSE (DS),B
Yashwanth Gali,23A91A6719,9100000639,2,4,CSE (DS),B
Chaitra Vallabhaneni,23A91A6720,9100000640,2,4,CSE (DS),B
Aakash Bejjanki,22A91A6701,9100000641,3,6,CSE (DS),A
Divya Palleti,22A91A6702,9100000642,3,6,CSE (DS),A
Aditya Dendukuri,22A91A6703,9100000643,3,6,CSE (DS),A
Esha Gogineni,22A91A6704,9100000644,3,6,CSE (DS),A
Akash Nandipati,22A91A6705,9100000645,3,6,CSE (DS),A
Harini Maddula,22A91A6706,9100000646,3,6,CSE (DS),A
Amit Konda,22A91A6707,9100000647,3,6,CSE (DS),A
Hema Nelluri,22A91A6708,9100000648,3,6,CSE (DS),A
Anil Potluri,22A91A6709,9100000649,3,6,CSE (DS),A
Ishita Shaik,22A91A6710,9100000650,3,6,CSE (DS),A
Arjun Talluri,22A91A6711,9100000651,3,6,CSE (DS),B
Jyothirmai Vemula,22A91A6712,9100000652,3,6,CSE (DS),B
Ashok Pathan,22A91A6713,9100000653,3,6,CSE (DS),B
Kavya Manne,22A91A6714,9100000654,3,6,CSE (DS),B
Bhanu Bandi,22A91A6715,9100000655,3,6,CSE (DS),B
Lalitha Sappa,22A91A6716,9100000656,3,6,CSE (DS),B
Chaitanya Gundala,22A91A6717,9100000657,3,6,CSE (DS),B
Likhitha Chilukuri,22A91A6718,9100000658,3,6,CSE (DS),B
Deepak Sahu,22A91A6719,9100000659,3,6,CSE (DS),B
Manasa Dasari,22A91A6720,9100000660,3,6,CSE (DS),B
Dinesh Kakarla,21A91A6701,9100000661,4,8,CSE (DS),A
Meghana Yerra,21A91A6702,9100000662,4,8,CSE (DS),A
Eswar Vankayala,21A91A6703,9100000663,4,8,CSE (DS),A
Mythili Bolla,21A91A6704,9100000664,4,8,CSE (DS),A
Gowtham Pilli,21A91A6705,9100000665,4,8,CSE (DS),A
Navya Palagiri,21A91A6706,9100000666,4,8,CSE (DS),A
Harish Gudivada,21A91A6707,9100000667,4,8,CSE (DS),A
Nirmala Mandava,21A91A6708,9100000668,4,8,CSE (DS),A
Jagadeesh Maddipati,21A91A6709,9100000669,4,8,CSE (DS),A
Pallavi Kakumanu,21A91A6710,9100000670,4,8,CSE (DS),A
Karthik Boddu,21A91A6711,9100000671,4,8,CSE (DS),B
Pooja Koppula,21A91A6712,9100000672,4,8,CSE (DS),B
Krishna Peddinti,21A91A6713,9100000673,4,8,CSE (DS),B
Preethi Vemuri,21A91A6714,9100000674,4,8,CSE (DS),B
Lalith Golla,21A91A6715,9100000675,4,8,CSE (DS),B
Rachana Duvvuri,21A91A6716,9100000676,4,8,CSE (DS),B
Madhav Annam,21A91A6717,9100000677,4,8,CSE (DS),B
Rekha Rachapudi,21A91A6718,9100000678,4,8,CSE (DS),B
Manoj Thota,21A91A6719,9100000679,4,8,CSE (DS),B
Shalini Arepalli,21A91A6720,9100000680,4,8,CSE (DS),B
Mukesh Kunchala,24A91A6301,9100000681,1,2,CSE (CS),A
Sirisha Yellapu,24A91A6302,9100000682,1,2,CSE (CS),A
Nagaraj Ganta,24A91A6303,9100000683,1,2,CSE (CS),A
Spandana Meka,24A91A6304,9100000684,1,2,CSE (CS),A
Nikhil Parasa,24A91A6305,9100000685,1,2,CSE (CS),A
Sridevi Challagundla,24A91A6306,9100000686,1,2,CSE (CS),A
Pavan Kandula,24A91A6307,9100000687,1,2,CSE (CS),A
Supriya Muvvala,24A91A6308,9100000688,1,2,CSE (CS),A
Pranav Kothapalli,24A91A6309,9100000689,1,2,CSE (CS),A
Swathi Manepalli,24A91A6310,9100000690,1,2,CSE (CS),A
Prudhvi Nuthalapati,24A91A6311,9100000691,1,2,CSE (CS),B
Tejaswini Badugu,24A91A6312,9100000692,1,2,CSE (CS),B
Rajesh Sunkara,24A91A6313,9100000693,1,2,CSE (CS),B
Usha Dondapati,24A91A6314,9100000694,1,2,CSE (CS),B
Rakesh Palaparthi,24A91A6315,9100000695,1,2,CSE (CS),B
Varsha Yedla,24A91A6316,9100000696,1,2,CSE (CS),B
Ravi Gajjela,24A91A6317,9100000697,1,2,CSE (CS),B
Yamini Vadlamudi,24A91A6318,9100000698,1,2,CSE (CS),B
Sai Kollipara,24A91A6319,9100000699,1,2,CSE (CS),B
Swarna Ganji,24A91A6320,9100000700,1,2,CSE (CS),B
Santosh Kommineni,23A91A6301,9100000701,2,4,CSE (CS),A
Amulya Nallamothu,23A91A6302,9100000702,2,4,CSE (CS),A
Shankar Maddirala,23A91A6303,9100000703,2,4,CSE (CS),A
Ankitha Battula,23A91A6304,9100000704,2,4,CSE (CS),A
Srinivas Garapati,23A91A6305,9100000705,2,4,CSE (CS),A
Aparna Lanka,23A91A6306,9100000706,2,4,CSE (CS),A
Sunil Pathuri,23A91A6307,9100000707,2,4,CSE (CS),A
Bhavya Saride,23A91A6308,9100000708,2,4,CSE (CS),A
Tarun Mandadi,23A91A6309,9100000709,2,4,CSE (CS),A
Chaitra Kosuru,23A91A6310,9100000710,2,4,CSE (CS),A
Varun Alavala,23A91A6311,9100000711,2,4,CSE (CS),B
Divya Chintala,23A91A6312,9100000712,2,4,CSE (CS),B
Vijay Chappidi,23A91A6313,9100000713,2,4,CSE (CS),B
Esha Kurella,23A91A6314,9100000714,2,4,CSE (CS),B
Vinay Vaddadi,23A91A6315,9100000715,2,4,CSE (CS),B
Harini Palempalle,23A91A6316,9100000716,2,4,CSE (CS),B
Vivek Vangapandu,23A91A6317,9100000717,2,4,CSE (CS),B
Hema Boyapally,23A91A6318,9100000718,2,4,CSE (CS),B
Yashwanth Ravulaparthi,23A91A6319,9100000719,2,4,CSE (CS),B
Ishita Dandu,23A91A6320,9100000720,2,4,CSE (CS),B
Aakash Guntupalli,22A91A6301,9100000721,3,6,CSE (CS),A
Jyothirmai Nimmala,22A91A6302,9100000722,3,6,CSE (CS),A
Aditya Pothuraju,22A91A6303,9100000723,3,6,CSE (CS),A
Kavya Marri,22A91A6304,9100000724,3,6,CSE (CS),A
Akash Uppuluri,22A91A6305,9100000725,3,6,CSE (CS),A
Lalitha Muvva,22A91A6306,9100000726,3,6,CSE (CS),A
Amit Vegesna,22A91A6307,9100000727,3,6,CSE (CS),A
Likhitha Chidipothu,22A91A6308,9100000728,3,6,CSE (CS),A
Anil Kasireddy,22A91A6309,9100000729,3,6,CSE (CS),A
Manasa Tummala,22A91A6310,9100000730,3,6,CSE (CS),A
Arjun Gali,22A91A6311,9100000731,3,6,CSE (CS),B
Meghana Vallabhaneni,22A91A6312,9100000732,3,6,CSE (CS),B
Ashok Bejjanki,22A91A6313,9100000733,3,6,CSE (CS),B
Mythili Palleti,22A91A6314,9100000734,3,6,CSE (CS),B
Bhanu Dendukuri,22A91A6315,9100000735,3,6,CSE (CS),B
Navya Gogineni,22A91A6316,9100000736,3,6,CSE (CS),B
Chaitanya Nandipati,22A91A6317,9100000737,3,6,CSE (CS),B
Nirmala Maddula,22A91A6318,9100000738,3,6,CSE (CS),B
Deepak Konda,22A91A6319,9100000739,3,6,CSE (CS),B
Pallavi Nelluri,22A91A6320,9100000740,3,6,CSE (CS),B
Dinesh Potluri,21A91A6301,9100000741,4,8,CSE (CS),A
Pooja Shaik,21A91A6302,9100000742,4,8,CSE (CS),A
Eswar Talluri,21A91A6303,9100000743,4,8,CSE (CS),A
Preethi Vemula,21A91A6304,9100000744,4,8,CSE (CS),A
Gowtham Pathan,21A91A6305,9100000745,4,8,CSE (CS),A
Rachana Manne,21A91A6306,9100000746,4,8,CSE (CS),A
Harish Bandi,21A91A6307,9100000747,4,8,CSE (CS),A
Rekha Sappa,21A91A6308,9100000748,4,8,CSE (CS),A
Jagadeesh Gundala,21A91A6309,9100000749,4,8,CSE (CS),A
Shalini Chilukuri,21A91A6310,9100000750,4,8,CSE (CS),A
Karthik Sahu,21A91A6311,9100000751,4,8,CSE (CS),B
Sirisha Dasari,21A91A6312,9100000752,4,8,CSE (CS),B
Krishna Kakarla,21A91A6313,9100000753,4,8,CSE (CS),B
Spandana Yerra,21A91A6314,9100000754,4,8,CSE (CS),B
Lalith Vankayala,21A91A6315,9100000755,4,8,CSE (CS),B
Sridevi Bolla,21A91A6316,9100000756,4,8,CSE (CS),B
Madhav Pilli,21A91A6317,9100000757,4,8,CSE (CS),B
Supriya Palagiri,21A91A6318,9100000758,4,8,CSE (CS),B
Manoj Gudivada,21A91A6319,9100000759,4,8,CSE (CS),B
Swathi Mandava,21A91A6320,9100000760,4,8,CSE (CS),B
Mukesh Maddipati,24A95A4101,9100000761,1,2,MBA,A
Tejaswini Kakumanu,24A95A4102,9100000762,1,2,MBA,A
Nagaraj Boddu,24A95A4103,9100000763,1,2,MBA,A
Usha Koppula,24A95A4104,9100000764,1,2,MBA,A
Nikhil Peddinti,24A95A4105,9100000765,1,2,MBA,A
Varsha Vemuri,24A95A4106,9100000766,1,2,MBA,A
Pavan Golla,24A95A4107,9100000767,1,2,MBA,A
Yamini Duvvuri,24A95A4108,9100000768,1,2,MBA,A
Pranav Annam,24A95A4109,9100000769,1,2,MBA,A
Swarna Rachapudi,24A95A4110,9100000770,1,2,MBA,A
Prudhvi Thota,24A95A4111,9100000771,1,2,MBA,B
Amulya Arepalli,24A95A4112,9100000772,1,2,MBA,B
Rajesh Kunchala,24A95A4113,9100000773,1,2,MBA,B
Ankitha Yellapu,24A95A4114,9100000774,1,2,MBA,B
Rakesh Ganta,24A95A4115,9100000775,1,2,MBA,B
Aparna Meka,24A95A4116,9100000776,1,2,MBA,B
Ravi Parasa,24A95A4117,9100000777,1,2,MBA,B
Bhavya Challagundla,24A95A4118,9100000778,1,2,MBA,B
Sai Kandula,24A95A4119,9100000779,1,2,MBA,B
Chaitra Muvvala,24A95A4120,9100000780,1,2,MBA,B
Santosh Kothapalli,23A95A4101,9100000781,2,4,MBA,A
Divya Manepalli,23A95A4102,9100000782,2,4,MBA,A
Shankar Nuthalapati,23A95A4103,9100000783,2,4,MBA,A
Esha Badugu,23A95A4104,9100000784,2,4,MBA,A
Srinivas Sunkara,23A95A4105,9100000785,2,4,MBA,A
Harini Dondapati,23A95A4106,9100000786,2,4,MBA,A
Sunil Palaparthi,23A95A4107,9100000787,2,4,MBA,A
Hema Yedla,23A95A4108,9100000788,2,4,MBA,A
Tarun Gajjela,23A95A4109,9100000789,2,4,MBA,A
Ishita Vadlamudi,23A95A4110,9100000790,2,4,MBA,A
Varun Kollipara,23A95A4111,9100000791,2,4,MBA,B
Jyothirmai Ganji,23A95A4112,9100000792,2,4,MBA,B
Vijay Kommineni,23A95A4113,9100000793,2,4,MBA,B
Kavya Nallamothu,23A95A4114,9100000794,2,4,MBA,B
Vinay Maddirala,23A95A4115,9100000795,2,4,MBA,B
Lalitha Battula,23A95A4116,9100000796,2,4,MBA,B
Vivek Garapati,23A95A4117,9100000797,2,4,MBA,B
Likhitha Lanka,23A95A4118,9100000798,2,4,MBA,B
Yashwanth Pathuri,23A95A4119,9100000799,2,4,MBA,B
Manasa Saride,23A95A4120,9100000800,2,4,MBA,B
Aakash Mandadi,24A95A0501,9100000801,1,2,MCA,A
Meghana Kosuru,24A95A0502,9100000802,1,2,MCA,A
Aditya Alavala,24A95A0503,9100000803,1,2,MCA,A
Mythili Chintala,24A95A0504,9100000804,1,2,MCA,A
Akash Chappidi,24A95A0505,9100000805,1,2,MCA,A
Navya Kurella,24A95A0506,9100000806,1,2,MCA,A
Amit Vaddadi,24A95A0507,9100000807,1,2,MCA,A
Nirmala Palempalle,24A95A0508,9100000808,1,2,MCA,A
Anil Vangapandu,24A95A0509,9100000809,1,2,MCA,A
Pallavi Boyapally,24A95A0510,9100000810,1,2,MCA,A
Arjun Ravulaparthi,24A95A0511,9100000811,1,2,MCA,B
Pooja Dandu,24A95A0512,9100000812,1,2,MCA,B
Ashok Guntupalli,24A95A0513,9100000813,1,2,MCA,B
Preethi Nimmala,24A95A0514,9100000814,1,2,MCA,B
Bhanu Pothuraju,24A95A0515,9100000815,1,2,MCA,B
Rachana Marri,24A95A0516,9100000816,1,2,MCA,B
Chaitanya Uppuluri,24A95A0517,9100000817,1,2,MCA,B
Rekha Muvva,24A95A0518,9100000818,1,2,MCA,B
Deepak Vegesna,24A95A0519,9100000819,1,2,MCA,B
Shalini Chidipothu,24A95A0520,9100000820,1,2,MCA,B
Dinesh Kasireddy,23A95A0501,9100000821,2,4,MCA,A
Sirisha Tummala,23A95A0502,9100000822,2,4,MCA,A
Eswar Gali,23A95A0503,9100000823,2,4,MCA,A
Spandana Vallabhaneni,23A95A0504,9100000824,2,4,MCA,A
Gowtham Bejjanki,23A95A0505,9100000825,2,4,MCA,A
Sridevi Palleti,23A95A0506,9100000826,2,4,MCA,A
Harish Dendukuri,23A95A0507,9100000827,2,4,MCA,A
Supriya Gogineni,23A95A0508,9100000828,2,4,MCA,A
Jagadeesh Nandipati,23A95A0509,9100000829,2,4,MCA,A
Swathi Maddula,23A95A0510,9100000830,2,4,MCA,A
Karthik Konda,23A95A0511,9100000831,2,4,MCA,B
Tejaswini Nelluri,23A95A0512,9100000832,2,4,MCA,B
Krishna Potluri,23A95A0513,9100000833,2,4,MCA,B
Usha Shaik,23A95A0514,9100000834,2,4,MCA,B
Lalith Talluri,23A95A0515,9100000835,2,4,MCA,B
Varsha Vemula,23A95A0516,9100000836,2,4,MCA,B
Madhav Pathan,23A95A0517,9100000837,2,4,MCA,B
Yamini Manne,23A95A0518,9100000838,2,4,MCA,B
Manoj Bandi,23A95A0519,9100000839,2,4,MCA,B
Swarna Sappa,23A95A0520,9100000840,2,4,MCA,B
